X,Y,month,day,FFMC,DMC,DC,ISI,temp,RH,wind,rain,area,month_num,day_num,log_area,drought_index,high_risk,fire_size,season,drought_level,temp_band
7,5,mar,fri,86.2,26.2,94.3,5.1,8.2,51,6.7,0.0,0.0,3,4,0.0,0.1576923076923077,0,Small,Spring,Safe,0-10°C
7,4,oct,tue,90.6,35.4,669.1,6.7,18.0,33,0.9,0.0,0.0,10,1,0.0,0.5294117647058824,0,Small,Autumn,Moderate,15-20°C
7,4,oct,sat,90.6,43.7,686.9,6.7,14.6,33,1.3,0.0,0.0,10,5,0.0,0.4294117647058823,0,Small,Autumn,Moderate,10-15°C
8,6,mar,fri,91.7,33.3,77.5,9.0,8.3,97,4.0,0.2,0.0,3,4,0.0,0.08469387755102041,0,Small,Spring,Safe,0-10°C
8,6,mar,sun,89.3,51.3,102.2,9.6,11.4,99,1.8,0.0,0.0,3,6,0.0,0.114,0,Small,Spring,Safe,10-15°C
8,6,aug,sun,92.3,85.3,488.0,14.7,22.2,29,5.4,0.0,0.0,8,6,0.0,0.74,0,Small,Summer,High,20-25°C
8,6,aug,mon,92.3,88.9,495.6,8.5,24.1,27,3.1,0.0,0.0,8,0,0.0,0.8607142857142858,0,Small,Summer,High,20-25°C
8,6,aug,mon,91.5,145.4,608.2,10.7,8.0,86,2.2,0.0,0.0,8,0,0.0,0.09195402298850575,0,Small,Summer,Safe,0-10°C
8,6,sep,tue,91.0,129.5,692.6,7.0,13.1,63,5.4,0.0,0.0,9,1,0.0,0.2046875,0,Small,Autumn,Safe,10-15°C
7,5,sep,sat,92.5,88.0,698.6,7.1,22.8,40,4.0,0.0,0.0,9,5,0.0,0.5560975609756098,0,Small,Autumn,Moderate,20-25°C
7,5,sep,sat,92.5,88.0,698.6,7.1,17.8,51,7.2,0.0,0.0,9,5,0.0,0.3423076923076923,0,Small,Autumn,Moderate,15-20°C
7,5,sep,sat,92.8,73.2,713.0,22.6,19.3,38,4.0,0.0,0.0,9,5,0.0,0.4948717948717949,0,Small,Autumn,Moderate,15-20°C
6,5,aug,fri,63.5,70.8,665.3,0.8,17.0,72,6.7,0.0,0.0,8,4,0.0,0.2328767123287671,0,Small,Summer,Safe,15-20°C
6,5,sep,mon,90.9,126.5,686.5,7.0,21.3,42,2.2,0.0,0.0,9,0,0.0,0.49534883720930234,0,Small,Autumn,Moderate,20-25°C
6,5,sep,wed,92.9,133.3,699.6,9.2,26.4,21,4.5,0.0,0.0,9,2,0.0,1.2,1,Small,Autumn,Dangerous,25+°C
6,5,sep,fri,93.3,141.2,713.9,13.9,22.9,44,5.4,0.0,0.0,9,4,0.0,0.5088888888888888,0,Small,Autumn,Moderate,20-25°C
5,5,mar,sat,91.7,35.8,80.8,7.8,15.1,27,5.4,0.0,0.0,3,5,0.0,0.5392857142857143,0,Small,Spring,Moderate,15-20°C
8,5,oct,mon,84.9,32.8,664.2,3.0,16.7,47,4.9,0.0,0.0,10,0,0.0,0.34791666666666665,0,Small,Autumn,Moderate,15-20°C
6,4,mar,wed,89.2,27.9,70.8,6.3,15.9,35,4.0,0.0,0.0,3,2,0.0,0.44166666666666665,0,Small,Spring,Moderate,15-20°C
6,4,apr,sat,86.3,27.4,97.1,5.1,9.3,44,4.5,0.0,0.0,4,5,0.0,0.2066666666666667,0,Small,Spring,Safe,0-10°C
6,4,sep,tue,91.0,129.5,692.6,7.0,18.3,40,2.7,0.0,0.0,9,1,0.0,0.44634146341463415,0,Small,Autumn,Moderate,15-20°C
5,4,sep,mon,91.8,78.5,724.3,9.2,19.1,38,2.7,0.0,0.0,9,0,0.0,0.4897435897435898,0,Small,Autumn,Moderate,15-20°C
7,4,jun,sun,94.3,96.3,200.0,56.1,21.0,44,4.5,0.0,0.0,6,6,0.0,0.4666666666666667,0,Small,Summer,Moderate,20-25°C
7,4,aug,sat,90.2,110.9,537.4,6.2,19.5,43,5.8,0.0,0.0,8,5,0.0,0.4431818181818182,0,Small,Summer,Moderate,15-20°C
7,4,aug,sat,93.5,139.4,594.2,20.3,23.7,32,5.8,0.0,0.0,8,5,0.0,0.7181818181818181,0,Small,Summer,High,20-25°C
7,4,aug,sun,91.4,142.4,601.4,10.6,16.3,60,5.4,0.0,0.0,8,6,0.0,0.26721311475409837,0,Small,Summer,Safe,15-20°C
7,4,sep,fri,92.4,117.9,668.0,12.2,19.0,34,5.8,0.0,0.0,9,4,0.0,0.5428571428571428,0,Small,Autumn,Moderate,15-20°C
7,4,sep,mon,90.9,126.5,686.5,7.0,19.4,48,1.3,0.0,0.0,9,0,0.0,0.39591836734693875,0,Small,Autumn,Moderate,15-20°C
6,3,sep,sat,93.4,145.4,721.4,8.1,30.2,24,2.7,0.0,0.0,9,5,0.0,1.208,1,Small,Autumn,Dangerous,25+°C
6,3,sep,sun,93.5,149.3,728.6,8.1,22.8,39,3.6,0.0,0.0,9,6,0.0,0.5700000000000001,0,Small,Autumn,Moderate,20-25°C
6,3,sep,fri,94.3,85.1,692.3,15.9,25.4,24,3.6,0.0,0.0,9,4,0.0,1.016,1,Small,Autumn,Dangerous,25+°C
6,3,sep,mon,88.6,91.8,709.9,7.1,11.2,78,7.6,0.0,0.0,9,0,0.0,0.14177215189873416,0,Small,Autumn,Safe,10-15°C
6,3,sep,fri,88.6,69.7,706.8,5.8,20.6,37,1.8,0.0,0.0,9,4,0.0,0.5421052631578948,0,Small,Autumn,Moderate,20-25°C
6,3,sep,sun,91.7,75.6,718.3,7.8,17.7,39,3.6,0.0,0.0,9,6,0.0,0.4425,0,Small,Autumn,Moderate,15-20°C
6,3,sep,mon,91.8,78.5,724.3,9.2,21.2,32,2.7,0.0,0.0,9,0,0.0,0.6424242424242425,0,Small,Autumn,High,20-25°C
6,3,sep,tue,90.3,80.7,730.2,6.3,18.2,62,4.5,0.0,0.0,9,1,0.0,0.28888888888888886,0,Small,Autumn,Safe,15-20°C
6,3,oct,tue,90.6,35.4,669.1,6.7,21.7,24,4.5,0.0,0.0,10,1,0.0,0.868,0,Small,Autumn,High,20-25°C
7,4,oct,fri,90.0,41.5,682.6,8.7,11.3,60,5.4,0.0,0.0,10,4,0.0,0.18524590163934426,0,Small,Autumn,Safe,10-15°C
7,3,oct,sat,90.6,43.7,686.9,6.7,17.8,27,4.0,0.0,0.0,10,5,0.0,0.6357142857142858,0,Small,Autumn,High,15-20°C
4,4,mar,tue,88.1,25.7,67.6,3.8,14.1,43,2.7,0.0,0.0,3,1,0.0,0.32045454545454544,0,Small,Spring,Moderate,10-15°C
4,4,jul,tue,79.5,60.6,366.7,1.5,23.3,37,3.1,0.0,0.0,7,1,0.0,0.6131578947368421,0,Small,Summer,High,20-25°C
4,4,aug,sat,90.2,96.9,624.2,8.9,18.4,42,6.7,0.0,0.0,8,5,0.0,0.42790697674418604,0,Small,Summer,Moderate,15-20°C
4,4,aug,tue,94.8,108.3,647.1,17.0,16.6,54,5.4,0.0,0.0,8,1,0.0,0.3018181818181818,0,Small,Summer,Moderate,15-20°C
4,4,sep,sat,92.5,88.0,698.6,7.1,19.6,48,2.7,0.0,0.0,9,5,0.0,0.4,0,Small,Autumn,Moderate,15-20°C
4,4,sep,wed,90.1,82.9,735.7,6.2,12.9,74,4.9,0.0,0.0,9,2,0.0,0.17200000000000001,0,Small,Autumn,Safe,10-15°C
5,6,sep,wed,94.3,85.1,692.3,15.9,25.9,24,4.0,0.0,0.0,9,2,0.0,1.036,1,Small,Autumn,Dangerous,25+°C
5,6,sep,mon,90.9,126.5,686.5,7.0,14.7,70,3.6,0.0,0.0,9,0,0.0,0.20704225352112676,0,Small,Autumn,Safe,10-15°C
6,6,jul,mon,94.2,62.3,442.9,11.0,23.0,36,3.1,0.0,0.0,7,0,0.0,0.6216216216216216,0,Small,Summer,High,20-25°C
4,4,mar,mon,87.2,23.9,64.7,4.1,11.8,35,1.8,0.0,0.0,3,0,0.0,0.3277777777777778,0,Small,Spring,Moderate,10-15°C
4,4,mar,mon,87.6,52.2,103.8,5.0,11.0,46,5.8,0.0,0.0,3,0,0.0,0.23404255319148937,0,Small,Spring,Safe,10-15°C
4,4,sep,thu,92.9,137.0,706.4,9.2,20.8,17,1.3,0.0,0.0,9,3,0.0,1.1555555555555557,0,Small,Autumn,Dangerous,20-25°C
4,3,aug,sun,90.2,99.6,631.2,6.3,21.5,34,2.2,0.0,0.0,8,6,0.0,0.6142857142857143,0,Small,Summer,High,20-25°C
4,3,aug,wed,92.1,111.2,654.1,9.6,20.4,42,4.9,0.0,0.0,8,2,0.0,0.47441860465116276,0,Small,Summer,Moderate,20-25°C
4,3,aug,thu,91.7,114.3,661.3,6.3,17.6,45,3.6,0.0,0.0,8,3,0.0,0.3826086956521739,0,Small,Summer,Moderate,15-20°C
4,3,sep,thu,92.9,137.0,706.4,9.2,27.7,24,2.2,0.0,0.0,9,3,0.0,1.1079999999999999,1,Small,Autumn,Dangerous,25+°C
4,3,sep,tue,90.3,80.7,730.2,6.3,17.8,63,4.9,0.0,0.0,9,1,0.0,0.278125,0,Small,Autumn,Safe,15-20°C
4,3,oct,sun,92.6,46.5,691.8,8.8,13.8,50,2.7,0.0,0.0,10,6,0.0,0.2705882352941177,0,Small,Autumn,Safe,10-15°C
2,2,feb,mon,84.0,9.3,34.0,2.1,13.9,40,5.4,0.0,0.0,2,0,0.0,0.33902439024390246,0,Small,Winter,Moderate,10-15°C
2,2,feb,fri,86.6,13.2,43.0,5.3,12.3,51,0.9,0.0,0.0,2,4,0.0,0.23653846153846156,0,Small,Winter,Safe,10-15°C
2,2,mar,sun,89.3,51.3,102.2,9.6,11.5,39,5.8,0.0,0.0,3,6,0.0,0.2875,0,Small,Spring,Safe,10-15°C
2,2,mar,sun,89.3,51.3,102.2,9.6,5.5,59,6.3,0.0,0.0,3,6,0.0,0.09166666666666666,0,Small,Spring,Safe,0-10°C
2,2,aug,thu,93.0,75.3,466.6,7.7,18.8,35,4.9,0.0,0.0,8,3,0.0,0.5222222222222223,0,Small,Summer,Moderate,15-20°C
2,2,aug,sun,90.2,99.6,631.2,6.3,20.8,33,2.7,0.0,0.0,8,6,0.0,0.611764705882353,0,Small,Summer,High,20-25°C
2,2,aug,mon,91.1,103.2,638.8,5.8,23.1,31,3.1,0.0,0.0,8,0,0.0,0.721875,0,Small,Summer,High,20-25°C
2,2,aug,thu,91.7,114.3,661.3,6.3,18.6,44,4.5,0.0,0.0,8,3,0.0,0.4133333333333334,0,Small,Summer,Moderate,15-20°C
2,2,sep,fri,92.4,117.9,668.0,12.2,23.0,37,4.5,0.0,0.0,9,4,0.0,0.6052631578947368,0,Small,Autumn,High,20-25°C
2,2,sep,fri,92.4,117.9,668.0,12.2,19.6,33,5.4,0.0,0.0,9,4,0.0,0.5764705882352942,0,Small,Autumn,Moderate,15-20°C
2,2,sep,fri,92.4,117.9,668.0,12.2,19.6,33,6.3,0.0,0.0,9,4,0.0,0.5764705882352942,0,Small,Autumn,Moderate,15-20°C
4,5,mar,fri,91.7,33.3,77.5,9.0,17.2,26,4.5,0.0,0.0,3,4,0.0,0.637037037037037,0,Small,Spring,High,15-20°C
4,5,mar,fri,91.2,48.3,97.8,12.5,15.8,27,7.6,0.0,0.0,3,4,0.0,0.5642857142857143,0,Small,Spring,Moderate,15-20°C
4,5,sep,fri,94.3,85.1,692.3,15.9,17.7,37,3.6,0.0,0.0,9,4,0.0,0.46578947368421053,0,Small,Autumn,Moderate,15-20°C
5,4,mar,fri,91.7,33.3,77.5,9.0,15.6,25,6.3,0.0,0.0,3,4,0.0,0.6,0,Small,Spring,Moderate,15-20°C
5,4,aug,tue,88.8,147.3,614.5,9.0,17.3,43,4.5,0.0,0.0,8,1,0.0,0.3931818181818182,0,Small,Summer,Moderate,15-20°C
5,4,sep,fri,93.3,141.2,713.9,13.9,27.6,30,1.3,0.0,0.0,9,4,0.0,0.8903225806451613,0,Small,Autumn,High,25+°C
9,9,feb,thu,84.2,6.8,26.6,7.7,6.7,79,3.1,0.0,0.0,2,3,0.0,0.08375,0,Small,Winter,Safe,0-10°C
9,9,feb,fri,86.6,13.2,43.0,5.3,15.7,43,3.1,0.0,0.0,2,4,0.0,0.3568181818181818,0,Small,Winter,Moderate,15-20°C
1,3,mar,mon,87.6,52.2,103.8,5.0,8.3,72,3.1,0.0,0.0,3,0,0.0,0.1136986301369863,0,Small,Spring,Safe,0-10°C
1,2,aug,fri,90.1,108.0,529.8,12.5,14.7,66,2.7,0.0,0.0,8,4,0.0,0.21940298507462686,0,Small,Summer,Safe,10-15°C
1,2,aug,tue,91.0,121.2,561.6,7.0,21.6,19,6.7,0.0,0.0,8,1,0.0,1.08,0,Small,Summer,Dangerous,20-25°C
1,2,aug,sun,91.4,142.4,601.4,10.6,19.5,39,6.3,0.0,0.0,8,6,0.0,0.4875,0,Small,Summer,Moderate,15-20°C
1,2,aug,sun,90.2,99.6,631.2,6.3,17.9,44,2.2,0.0,0.0,8,6,0.0,0.39777777777777773,0,Small,Summer,Moderate,15-20°C
1,2,aug,tue,94.8,108.3,647.1,17.0,18.6,51,4.5,0.0,0.0,8,1,0.0,0.3576923076923077,0,Small,Summer,Moderate,15-20°C
1,2,aug,wed,92.1,111.2,654.1,9.6,16.6,47,0.9,0.0,0.0,8,2,0.0,0.3458333333333334,0,Small,Summer,Moderate,15-20°C
1,2,aug,thu,91.7,114.3,661.3,6.3,20.2,45,3.6,0.0,0.0,8,3,0.0,0.43913043478260866,0,Small,Summer,Moderate,20-25°C
1,2,sep,thu,92.9,137.0,706.4,9.2,21.5,15,0.9,0.0,0.0,9,3,0.0,1.34375,0,Small,Autumn,Dangerous,20-25°C
1,2,sep,thu,92.9,137.0,706.4,9.2,25.4,27,2.2,0.0,0.0,9,3,0.0,0.9071428571428571,1,Small,Autumn,High,25+°C
1,2,sep,thu,92.9,137.0,706.4,9.2,22.4,34,2.2,0.0,0.0,9,3,0.0,0.64,0,Small,Autumn,High,20-25°C
1,2,sep,sun,93.5,149.3,728.6,8.1,25.3,36,3.6,0.0,0.0,9,6,0.0,0.6837837837837838,0,Small,Autumn,High,25+°C
6,5,mar,sat,91.7,35.8,80.8,7.8,17.4,25,4.9,0.0,0.0,3,5,0.0,0.6692307692307692,0,Small,Spring,High,15-20°C
6,5,aug,sat,90.2,96.9,624.2,8.9,14.7,59,5.8,0.0,0.0,8,5,0.0,0.245,0,Small,Summer,Safe,10-15°C
8,6,mar,fri,91.7,35.8,80.8,7.8,17.4,24,5.4,0.0,0.0,3,4,0.0,0.696,0,Small,Spring,High,15-20°C
8,6,aug,sun,92.3,85.3,488.0,14.7,20.8,32,6.3,0.0,0.0,8,6,0.0,0.6303030303030304,0,Small,Summer,High,20-25°C
8,6,aug,sun,91.4,142.4,601.4,10.6,18.2,43,4.9,0.0,0.0,8,6,0.0,0.41363636363636364,0,Small,Summer,Moderate,15-20°C
8,6,aug,mon,91.1,103.2,638.8,5.8,23.4,22,2.7,0.0,0.0,8,0,0.0,1.017391304347826,0,Small,Summer,Dangerous,20-25°C
4,4,sep,sun,89.7,90.0,704.4,4.8,17.8,64,1.3,0.0,0.0,9,6,0.0,0.27384615384615385,0,Small,Autumn,Safe,15-20°C
3,4,feb,sat,83.9,8.0,30.2,2.6,12.7,48,1.8,0.0,0.0,2,5,0.0,0.25918367346938775,0,Small,Winter,Safe,10-15°C
3,4,mar,sat,69.0,2.4,15.5,0.7,17.4,24,5.4,0.0,0.0,3,5,0.0,0.696,0,Small,Spring,High,15-20°C
3,4,aug,sun,91.4,142.4,601.4,10.6,11.6,87,4.5,0.0,0.0,8,6,0.0,0.1318181818181818,0,Small,Summer,Safe,10-15°C
3,4,aug,sun,91.4,142.4,601.4,10.6,19.8,39,5.4,0.0,0.0,8,6,0.0,0.495,0,Small,Summer,Moderate,15-20°C
3,4,aug,tue,88.8,147.3,614.5,9.0,14.4,66,5.4,0.0,0.0,8,1,0.0,0.21492537313432836,0,Small,Summer,Safe,10-15°C
2,4,aug,tue,94.8,108.3,647.1,17.0,20.1,40,4.0,0.0,0.0,8,1,0.0,0.49024390243902444,0,Small,Summer,Moderate,20-25°C
2,4,sep,sat,92.5,121.1,674.4,8.6,24.1,29,4.5,0.0,0.0,9,5,0.0,0.8033333333333333,0,Small,Autumn,High,20-25°C
2,4,jan,sat,82.1,3.7,9.3,2.9,5.3,78,3.1,0.0,0.0,1,5,0.0,0.0670886075949367,0,Small,Winter,Safe,0-10°C
4,5,mar,fri,85.9,19.5,57.3,2.8,12.7,52,6.3,0.0,0.0,3,4,0.0,0.23962264150943394,0,Small,Spring,Safe,10-15°C
4,5,mar,thu,91.4,30.7,74.3,7.5,18.2,29,3.1,0.0,0.0,3,3,0.0,0.6066666666666667,0,Small,Spring,High,15-20°C
4,5,aug,sun,90.2,99.6,631.2,6.3,21.4,33,3.1,0.0,0.0,8,6,0.0,0.6294117647058823,0,Small,Summer,High,20-25°C
4,5,sep,sat,92.5,88.0,698.6,7.1,20.3,45,3.1,0.0,0.0,9,5,0.0,0.44130434782608696,0,Small,Autumn,Moderate,20-25°C
4,5,sep,mon,88.6,91.8,709.9,7.1,17.4,56,5.4,0.0,0.0,9,0,0.0,0.3052631578947368,0,Small,Autumn,Moderate,15-20°C
4,4,mar,fri,85.9,19.5,57.3,2.8,13.7,43,5.8,0.0,0.0,3,4,0.0,0.31136363636363634,0,Small,Spring,Moderate,10-15°C
3,4,mar,fri,91.7,33.3,77.5,9.0,18.8,18,4.5,0.0,0.0,3,4,0.0,0.9894736842105264,0,Small,Spring,High,15-20°C
3,4,sep,sun,89.7,90.0,704.4,4.8,22.8,39,3.6,0.0,0.0,9,6,0.0,0.5700000000000001,0,Small,Autumn,Moderate,20-25°C
3,4,sep,mon,91.8,78.5,724.3,9.2,18.9,35,2.7,0.0,0.0,9,0,0.0,0.5249999999999999,0,Small,Autumn,Moderate,15-20°C
3,4,mar,tue,88.1,25.7,67.6,3.8,15.8,27,7.6,0.0,0.0,3,1,0.0,0.5642857142857143,0,Small,Spring,Moderate,15-20°C
3,5,mar,tue,88.1,25.7,67.6,3.8,15.5,27,6.3,0.0,0.0,3,1,0.0,0.5535714285714286,0,Small,Spring,Moderate,15-20°C
3,4,mar,sat,91.7,35.8,80.8,7.8,11.6,30,6.3,0.0,0.0,3,5,0.0,0.3741935483870968,0,Small,Spring,Moderate,10-15°C
3,4,mar,sat,91.7,35.8,80.8,7.8,15.2,27,4.9,0.0,0.0,3,5,0.0,0.5428571428571428,0,Small,Spring,Moderate,15-20°C
3,4,mar,mon,90.1,39.7,86.6,6.2,10.6,30,4.0,0.0,0.0,3,0,0.0,0.3419354838709677,0,Small,Spring,Moderate,10-15°C
3,4,aug,thu,93.0,75.3,466.6,7.7,19.6,36,3.1,0.0,0.0,8,3,0.0,0.5297297297297298,0,Small,Summer,Moderate,15-20°C
3,4,aug,mon,91.5,145.4,608.2,10.7,10.3,74,2.2,0.0,0.0,8,0,0.0,0.13733333333333334,0,Small,Summer,Safe,10-15°C
3,4,aug,mon,91.5,145.4,608.2,10.7,17.1,43,5.4,0.0,0.0,8,0,0.0,0.38863636363636367,0,Small,Summer,Moderate,15-20°C
3,4,sep,sun,92.4,124.1,680.7,8.5,22.5,42,5.4,0.0,0.0,9,6,0.0,0.5232558139534884,0,Small,Autumn,Moderate,20-25°C
3,4,sep,tue,84.4,73.4,671.9,3.2,17.9,45,3.1,0.0,0.0,9,1,0.0,0.38913043478260867,0,Small,Autumn,Moderate,15-20°C
3,4,sep,fri,94.3,85.1,692.3,15.9,19.8,50,5.4,0.0,0.0,9,4,0.0,0.38823529411764707,0,Small,Autumn,Moderate,15-20°C
3,4,oct,sun,92.6,46.5,691.8,8.8,20.6,24,5.4,0.0,0.0,10,6,0.0,0.8240000000000001,0,Small,Autumn,High,20-25°C
3,5,mar,mon,87.6,52.2,103.8,5.0,9.0,49,2.2,0.0,0.0,3,0,0.0,0.18,0,Small,Spring,Safe,0-10°C
3,5,sep,fri,93.5,149.3,728.6,8.1,17.2,43,3.1,0.0,0.0,9,4,0.0,0.3909090909090909,0,Small,Autumn,Moderate,15-20°C
3,5,oct,wed,91.4,37.9,673.8,5.2,15.9,46,3.6,0.0,0.0,10,2,0.0,0.3382978723404255,0,Small,Autumn,Moderate,15-20°C
2,5,oct,sun,92.6,46.5,691.8,8.8,15.4,35,0.9,0.0,0.0,10,6,0.0,0.4277777777777778,0,Small,Autumn,Moderate,15-20°C
4,6,feb,sat,68.2,21.5,87.2,0.8,15.4,40,2.7,0.0,0.0,2,5,0.0,0.375609756097561,0,Small,Winter,Moderate,15-20°C
4,6,mar,mon,87.2,23.9,64.7,4.1,14.0,39,3.1,0.0,0.0,3,0,0.0,0.35,0,Small,Spring,Moderate,10-15°C
4,6,mar,sun,89.3,51.3,102.2,9.6,10.6,46,4.9,0.0,0.0,3,6,0.0,0.225531914893617,0,Small,Spring,Safe,10-15°C
4,6,sep,thu,93.7,80.9,685.2,17.9,17.6,42,3.1,0.0,0.0,9,3,0.0,0.4093023255813954,0,Small,Autumn,Moderate,15-20°C
3,5,mar,tue,88.1,25.7,67.6,3.8,14.9,38,2.7,0.0,0.0,3,1,0.0,0.3820512820512821,0,Small,Spring,Moderate,10-15°C
3,5,aug,sat,93.5,139.4,594.2,20.3,17.6,52,5.8,0.0,0.0,8,5,0.0,0.33207547169811324,0,Small,Summer,Moderate,15-20°C
3,6,sep,sun,92.4,124.1,680.7,8.5,17.2,58,1.3,0.0,0.0,9,6,0.0,0.29152542372881357,0,Small,Autumn,Safe,15-20°C
3,6,sep,mon,90.9,126.5,686.5,7.0,15.6,66,3.1,0.0,0.0,9,0,0.0,0.23283582089552238,0,Small,Autumn,Safe,15-20°C
9,9,jul,tue,85.8,48.3,313.4,3.9,18.0,42,2.7,0.0,0.36,7,1,0.3074846997479606,0.4186046511627907,0,Small,Summer,Moderate,15-20°C
1,4,sep,tue,91.0,129.5,692.6,7.0,21.7,38,2.2,0.0,0.43,9,1,0.35767444427181594,0.5564102564102564,0,Small,Autumn,Moderate,20-25°C
2,5,sep,mon,90.9,126.5,686.5,7.0,21.9,39,1.8,0.0,0.47,9,0,0.3852624007906449,0.5475,0,Small,Autumn,Moderate,20-25°C
1,2,aug,wed,95.5,99.9,513.3,13.2,23.3,31,4.5,0.0,0.55,8,2,0.4382549309311553,0.728125,0,Small,Summer,High,20-25°C
8,6,aug,fri,90.1,108.0,529.8,12.5,21.2,51,8.9,0.0,0.61,8,4,0.4762341789963716,0.4076923076923077,0,Small,Summer,Moderate,20-25°C
1,2,jul,sat,90.0,51.3,296.3,8.7,16.6,53,5.4,0.0,0.71,7,5,0.5364933705145685,0.3074074074074074,0,Small,Summer,Moderate,15-20°C
2,5,aug,wed,95.5,99.9,513.3,13.2,23.8,32,5.4,0.0,0.77,8,2,0.5709795465857378,0.7212121212121212,0,Small,Summer,High,20-25°C
6,5,aug,thu,95.2,131.7,578.8,10.4,27.4,22,4.0,0.0,0.9,8,3,0.6418538861723948,1.191304347826087,1,Small,Summer,Dangerous,25+°C
5,4,mar,mon,90.1,39.7,86.6,6.2,13.2,40,5.4,0.0,0.95,3,0,0.6678293725756554,0.32195121951219513,0,Small,Spring,Moderate,10-15°C
8,3,sep,tue,84.4,73.4,671.9,3.2,24.2,28,3.6,0.0,0.96,9,1,0.6729444732424258,0.8344827586206897,0,Small,Autumn,High,20-25°C
2,2,aug,tue,94.8,108.3,647.1,17.0,17.4,43,6.7,0.0,1.07,8,1,0.7275486072772778,0.39545454545454545,0,Small,Summer,Moderate,15-20°C
8,6,sep,thu,93.7,80.9,685.2,17.9,23.7,25,4.5,0.0,1.12,9,3,0.7514160886839212,0.9115384615384615,0,Small,Autumn,High,20-25°C
6,5,jun,fri,92.5,56.4,433.3,7.1,23.2,39,5.4,0.0,1.19,6,4,0.7839015438284094,0.58,0,Small,Summer,Moderate,20-25°C
9,9,jul,sun,90.1,68.6,355.2,7.2,24.8,29,2.2,0.0,1.36,7,6,0.8586616190375187,0.8266666666666667,0,Small,Summer,High,20-25°C
3,4,jul,sat,90.1,51.2,424.1,6.2,24.6,43,1.8,0.0,1.43,7,5,0.8878912573524571,0.5590909090909091,0,Small,Summer,Moderate,20-25°C
5,4,sep,fri,94.3,85.1,692.3,15.9,20.1,47,4.9,0.0,1.46,9,4,0.9001613499442714,0.41875,0,Small,Autumn,Moderate,20-25°C
1,5,sep,sat,93.4,145.4,721.4,8.1,29.6,27,2.7,0.0,1.46,9,5,0.9001613499442714,1.0571428571428572,1,Small,Autumn,Dangerous,25+°C
7,4,aug,sun,94.8,108.3,647.1,17.0,16.4,47,1.3,0.0,1.56,8,6,0.9400072584914712,0.3416666666666666,0,Small,Summer,Moderate,15-20°C
2,4,sep,sat,93.4,145.4,721.4,8.1,28.6,27,2.2,0.0,1.61,9,5,0.959350221334602,1.0214285714285716,1,Small,Autumn,Dangerous,25+°C
2,2,aug,wed,92.1,111.2,654.1,9.6,18.4,45,3.6,0.0,1.63,8,2,0.9669838461896731,0.39999999999999997,0,Small,Summer,Moderate,15-20°C
2,4,aug,wed,92.1,111.2,654.1,9.6,20.5,35,4.0,0.0,1.64,8,2,0.9707789171582248,0.5694444444444444,0,Small,Summer,Moderate,20-25°C
7,4,sep,fri,92.4,117.9,668.0,12.2,19.0,34,5.8,0.0,1.69,9,4,0.9895411936137477,0.5428571428571428,0,Small,Autumn,Moderate,15-20°C
7,4,mar,mon,90.1,39.7,86.6,6.2,16.1,29,3.1,0.0,1.75,3,0,1.0116009116784799,0.5366666666666667,0,Small,Spring,Moderate,15-20°C
6,4,aug,thu,95.2,131.7,578.8,10.4,20.3,41,4.0,0.0,1.9,8,3,1.0647107369924282,0.48333333333333334,0,Small,Summer,Moderate,20-25°C
6,3,mar,sat,90.6,50.1,100.4,7.8,15.2,31,8.5,0.0,1.94,3,5,1.0784095813505903,0.475,0,Small,Spring,Moderate,15-20°C
8,6,sep,sat,92.5,121.1,674.4,8.6,17.8,56,1.8,0.0,1.95,9,5,1.0818051703517284,0.312280701754386,0,Small,Autumn,Moderate,15-20°C
8,5,sep,sun,89.7,90.0,704.4,4.8,17.8,67,2.2,0.0,2.01,9,6,1.1019400787607843,0.26176470588235295,0,Small,Autumn,Safe,15-20°C
6,5,mar,thu,84.9,18.2,55.0,3.0,5.3,70,4.5,0.0,2.14,3,3,1.144222799920162,0.07464788732394366,0,Small,Spring,Safe,0-10°C
6,5,aug,wed,92.1,111.2,654.1,9.6,16.6,47,0.9,0.0,2.29,8,2,1.1908875647772805,0.3458333333333334,0,Small,Summer,Moderate,15-20°C
6,5,aug,wed,96.0,127.1,570.5,16.5,23.4,33,4.5,0.0,2.51,8,2,1.2556160374777743,0.6882352941176471,0,Small,Summer,High,20-25°C
6,5,mar,fri,91.2,48.3,97.8,12.5,14.6,26,9.4,0.0,2.53,3,4,1.2612978709452054,0.5407407407407407,0,Small,Spring,Moderate,10-15°C
8,6,aug,thu,95.2,131.7,578.8,10.4,20.7,45,2.2,0.0,2.55,8,3,1.2669476034873244,0.45,0,Small,Summer,Moderate,20-25°C
5,4,sep,wed,92.9,133.3,699.6,9.2,21.9,35,1.8,0.0,2.57,9,2,1.2725655957915476,0.6083333333333333,0,Small,Autumn,High,20-25°C
8,6,aug,wed,85.6,90.4,609.6,6.6,17.4,50,4.0,0.0,2.69,8,2,1.3056264580524357,0.34117647058823525,0,Small,Summer,Moderate,15-20°C
7,4,aug,sun,91.4,142.4,601.4,10.6,20.1,39,5.4,0.0,2.74,8,6,1.3190856114264407,0.5025000000000001,0,Small,Summer,Moderate,20-25°C
4,4,sep,mon,90.9,126.5,686.5,7.0,17.7,39,2.2,0.0,3.07,9,0,1.4036429994545037,0.4425,0,Small,Autumn,Moderate,15-20°C
1,4,aug,sat,90.2,96.9,624.2,8.9,14.2,53,1.8,0.0,3.5,8,5,1.5040773967762742,0.26296296296296295,0,Small,Summer,Safe,10-15°C
1,4,aug,sat,90.2,96.9,624.2,8.9,20.3,39,4.9,0.0,4.53,8,5,1.7101878155342434,0.5075000000000001,0,Small,Summer,Moderate,20-25°C
6,5,apr,thu,81.5,9.1,55.2,2.7,5.8,54,5.8,0.0,4.61,4,3,1.724550719534605,0.10545454545454545,0,Small,Spring,Safe,0-10°C
2,5,aug,sun,90.2,99.6,631.2,6.3,19.2,44,2.7,0.0,4.69,8,6,1.7387102481382397,0.42666666666666664,0,Small,Summer,Moderate,15-20°C
2,5,sep,wed,90.1,82.9,735.7,6.2,18.3,45,2.2,0.0,4.88,9,2,1.7715567619105355,0.3978260869565218,0,Small,Autumn,Moderate,15-20°C
8,6,aug,tue,88.8,147.3,614.5,9.0,14.4,66,5.4,0.0,5.23,8,1,1.8293763327993617,0.21492537313432836,0,Small,Summer,Safe,10-15°C
1,3,sep,sun,92.4,124.1,680.7,8.5,23.9,32,6.7,0.0,5.33,9,6,1.8453002361560848,0.7242424242424242,0,Small,Autumn,High,20-25°C
8,6,oct,mon,84.9,32.8,664.2,3.0,19.1,32,4.0,0.0,5.44,10,0,1.8625285401162623,0.5787878787878789,0,Small,Autumn,Moderate,15-20°C
5,4,feb,sun,86.8,15.6,48.3,3.9,12.4,53,2.2,0.0,6.38,2,6,1.998773638612381,0.22962962962962963,0,Small,Winter,Safe,10-15°C
7,4,oct,mon,91.7,48.5,696.1,11.1,16.8,45,4.5,0.0,6.83,10,0,2.057962510002712,0.3652173913043478,0,Small,Autumn,Moderate,15-20°C
8,6,aug,fri,93.9,135.7,586.7,15.1,20.8,34,4.9,0.0,6.96,8,4,2.0744289998562917,0.5942857142857143,0,Small,Summer,Moderate,20-25°C
2,5,sep,tue,91.0,129.5,692.6,7.0,17.6,46,3.1,0.0,7.04,9,1,2.0844290831908747,0.374468085106383,0,Small,Autumn,Moderate,15-20°C
8,6,mar,sun,89.3,51.3,102.2,9.6,11.5,39,5.8,0.0,7.19,3,6,2.1029138978649784,0.2875,0,Small,Spring,Safe,10-15°C
1,5,sep,mon,90.9,126.5,686.5,7.0,21.0,42,2.2,0.0,7.3,9,0,2.1162555148025524,0.4883720930232558,0,Small,Autumn,Moderate,20-25°C
6,4,mar,sat,90.8,41.9,89.4,7.9,13.3,42,0.9,0.0,7.4,3,5,2.128231705849268,0.30930232558139537,0,Small,Spring,Moderate,10-15°C
7,4,mar,sun,90.7,44.0,92.4,5.5,11.5,60,4.0,0.0,8.24,3,6,2.2235418856535927,0.1885245901639344,0,Small,Spring,Safe,10-15°C
6,5,mar,fri,91.2,48.3,97.8,12.5,11.7,33,4.0,0.0,8.31,3,4,2.231089091288976,0.34411764705882353,0,Small,Spring,Moderate,10-15°C
2,5,aug,thu,95.2,131.7,578.8,10.4,24.2,28,2.7,0.0,8.68,8,3,2.2700619012884857,0.8344827586206897,0,Small,Summer,High,20-25°C
2,2,aug,tue,94.8,108.3,647.1,17.0,24.6,22,4.5,0.0,8.71,8,1,2.2731562823032334,1.0695652173913044,0,Small,Summer,Dangerous,20-25°C
4,5,sep,wed,92.9,133.3,699.6,9.2,24.3,25,4.0,0.0,9.41,9,2,2.3427668826268775,0.9346153846153846,0,Small,Autumn,High,20-25°C
2,2,aug,tue,94.8,108.3,647.1,17.0,24.6,22,4.5,0.0,10.01,8,1,2.3988039507345884,1.0695652173913044,0,Large,Summer,Dangerous,20-25°C
2,5,aug,fri,93.9,135.7,586.7,15.1,23.5,36,5.4,0.0,10.02,8,4,2.3997118037247684,0.6351351351351351,0,Large,Summer,High,20-25°C
6,5,apr,thu,81.5,9.1,55.2,2.7,5.8,54,5.8,0.0,10.93,4,3,2.4790562361098245,0.10545454545454545,0,Large,Spring,Safe,0-10°C
4,5,sep,thu,92.9,137.0,706.4,9.2,21.5,15,0.9,0.0,11.06,9,3,2.4898941912990393,1.34375,0,Large,Autumn,Dangerous,20-25°C
3,4,sep,tue,91.0,129.5,692.6,7.0,13.9,59,6.3,0.0,11.24,9,1,2.50470927708418,0.23166666666666666,0,Large,Autumn,Safe,10-15°C
2,4,sep,mon,63.5,70.8,665.3,0.8,22.6,38,3.6,0.0,11.32,9,0,2.511223958105374,0.5794871794871795,0,Large,Autumn,Moderate,20-25°C
1,5,sep,tue,91.0,129.5,692.6,7.0,21.6,33,2.2,0.0,11.53,9,1,2.528125768907977,0.6352941176470589,0,Large,Autumn,High,20-25°C
6,5,mar,sun,90.1,37.6,83.7,7.2,12.4,54,3.6,0.0,12.1,3,6,2.5726122302071057,0.22545454545454546,0,Large,Spring,Safe,10-15°C
7,4,feb,sun,83.9,8.7,32.1,2.1,8.8,68,2.2,0.0,13.05,2,6,2.642622395779755,0.127536231884058,0,Large,Winter,Safe,0-10°C
8,6,oct,wed,91.4,37.9,673.8,5.2,20.2,37,2.7,0.0,13.7,10,2,2.6878474937846906,0.531578947368421,0,Large,Autumn,Moderate,20-25°C
5,6,mar,sat,90.6,50.1,100.4,7.8,15.1,64,4.0,0.0,13.99,3,5,2.7073833121145063,0.2323076923076923,0,Large,Spring,Safe,15-20°C
4,5,sep,thu,92.9,137.0,706.4,9.2,22.1,34,1.8,0.0,14.57,9,3,2.745345985845907,0.6314285714285715,0,Large,Autumn,High,20-25°C
2,2,aug,sat,93.5,139.4,594.2,20.3,22.9,31,7.2,0.0,15.45,8,5,2.800325477211381,0.715625,0,Large,Summer,High,20-25°C
7,5,sep,tue,91.0,129.5,692.6,7.0,20.7,37,2.2,0.0,17.2,9,1,2.9014215940827497,0.5447368421052632,0,Large,Autumn,Moderate,20-25°C
6,5,sep,fri,92.4,117.9,668.0,12.2,19.6,33,6.3,0.0,19.23,9,4,3.007166651179654,0.5764705882352942,0,Large,Autumn,Moderate,15-20°C
8,3,sep,thu,93.7,80.9,685.2,17.9,23.2,26,4.9,0.0,23.41,9,3,3.1949928844048685,0.8592592592592593,0,Large,Autumn,High,20-25°C
4,4,oct,sat,90.6,43.7,686.9,6.7,18.4,25,3.1,0.0,24.23,10,5,3.2280337626529665,0.7076923076923076,0,Large,Autumn,High,15-20°C
7,4,aug,sat,93.5,139.4,594.2,20.3,5.1,96,5.8,0.0,26.0,8,5,3.295836866004329,0.05257731958762886,0,Large,Summer,Safe,0-10°C
7,4,sep,fri,94.3,85.1,692.3,15.9,20.1,47,4.9,0.0,26.13,9,4,3.3006401266708405,0.41875,0,Large,Autumn,Moderate,20-25°C
7,3,mar,mon,87.6,52.2,103.8,5.0,11.0,46,5.8,0.0,27.35,3,0,3.3446270301737613,0.23404255319148937,0,Large,Spring,Safe,10-15°C
4,4,mar,sat,91.7,35.8,80.8,7.8,17.0,27,4.9,0.0,28.66,3,5,3.389799336709786,0.6071428571428571,0,Large,Spring,High,15-20°C
4,4,sep,sun,92.4,124.1,680.7,8.5,16.9,60,1.3,0.0,29.48,9,6,3.4170707308184456,0.27704918032786885,0,Large,Autumn,Safe,15-20°C
1,3,sep,mon,88.6,91.8,709.9,7.1,12.4,73,6.3,0.0,30.32,9,0,3.4442568711226023,0.16756756756756758,0,Large,Autumn,Safe,10-15°C
4,5,sep,wed,92.9,133.3,699.6,9.2,19.4,19,1.3,0.0,31.72,9,2,3.487986511734546,0.97,0,Large,Autumn,High,15-20°C
6,5,mar,mon,90.1,39.7,86.6,6.2,15.2,27,3.1,0.0,31.86,3,0,3.492256112609122,0.5428571428571428,0,Large,Spring,Moderate,15-20°C
8,6,aug,sun,90.2,99.6,631.2,6.3,16.2,59,3.1,0.0,32.07,8,6,3.4986265269937014,0.26999999999999996,0,Large,Summer,Safe,15-20°C
3,4,sep,fri,93.3,141.2,713.9,13.9,18.6,49,3.6,0.0,35.88,9,4,3.607669398688393,0.37200000000000005,0,Large,Autumn,Moderate,15-20°C
4,3,mar,mon,87.6,52.2,103.8,5.0,11.0,46,5.8,0.0,36.85,3,0,3.6336309798834576,0.23404255319148937,0,Large,Spring,Safe,10-15°C
2,2,jul,fri,88.3,150.3,309.9,6.8,13.4,79,3.6,0.0,37.02,7,4,3.6381123370602833,0.1675,0,Large,Summer,Safe,10-15°C
7,4,sep,wed,90.1,82.9,735.7,6.2,15.4,57,4.5,0.0,37.71,9,2,3.6560979645895566,0.2655172413793104,0,Large,Autumn,Safe,15-20°C
4,4,sep,sun,93.5,149.3,728.6,8.1,22.9,39,4.9,0.0,48.55,9,6,3.902982260775997,0.5725,0,Large,Autumn,Moderate,20-25°C
7,5,oct,mon,91.7,48.5,696.1,11.1,16.1,44,4.0,0.0,49.37,10,0,3.9193957597575593,0.3577777777777778,0,Large,Autumn,Moderate,15-20°C
8,6,aug,sat,92.2,81.8,480.8,11.9,20.1,34,4.5,0.0,58.3,8,5,4.08260930600368,0.5742857142857143,0,Large,Summer,Moderate,20-25°C
4,6,sep,sun,93.5,149.3,728.6,8.1,28.3,26,3.1,0.0,64.1,9,6,4.175924549214524,1.0481481481481483,1,Large,Autumn,Dangerous,25+°C
8,6,aug,sat,92.2,81.8,480.8,11.9,16.4,43,4.0,0.0,71.3,8,5,4.280824129164719,0.3727272727272727,0,Large,Summer,Moderate,15-20°C
4,4,sep,wed,92.9,133.3,699.6,9.2,26.4,21,4.5,0.0,88.49,9,2,4.494126887194767,1.2,1,Large,Autumn,Dangerous,25+°C
1,5,sep,sun,93.5,149.3,728.6,8.1,27.8,27,3.1,0.0,95.18,9,6,4.566221435849517,0.9928571428571429,1,Large,Autumn,High,25+°C
6,4,sep,tue,91.0,129.5,692.6,7.0,18.7,43,2.7,0.0,103.39,9,1,4.648133885420207,0.425,0,Large,Autumn,Moderate,15-20°C
9,4,sep,tue,84.4,73.4,671.9,3.2,24.3,36,3.1,0.0,105.66,9,1,4.669646205172456,0.6567567567567568,0,Large,Autumn,High,20-25°C
4,5,sep,sat,92.5,121.1,674.4,8.6,17.7,25,3.1,0.0,154.88,9,5,5.049086480470509,0.6807692307692308,0,Large,Autumn,High,15-20°C
8,6,aug,sun,91.4,142.4,601.4,10.6,19.6,41,5.8,0.0,196.48,8,6,5.285637313390662,0.4666666666666667,0,Large,Summer,Moderate,15-20°C
2,2,sep,sat,92.5,121.1,674.4,8.6,18.2,46,1.8,0.0,200.94,9,5,5.307970623576175,0.3872340425531915,0,Large,Autumn,Moderate,15-20°C
1,2,sep,tue,91.0,129.5,692.6,7.0,18.8,40,2.2,0.0,212.88,9,1,5.365415110080531,0.4585365853658537,0,Large,Autumn,Moderate,15-20°C
6,5,sep,sat,92.5,121.1,674.4,8.6,25.1,27,4.0,0.0,1090.84,9,5,6.995619625423205,0.8964285714285715,1,Large,Autumn,High,25+°C
7,5,apr,sun,81.9,3.0,7.9,3.5,13.4,75,1.8,0.0,0.0,4,6,0.0,0.1763157894736842,0,Small,Spring,Safe,10-15°C
6,3,apr,wed,88.0,17.2,43.5,3.8,15.2,51,2.7,0.0,0.0,4,2,0.0,0.29230769230769227,0,Small,Spring,Safe,15-20°C
4,4,apr,fri,83.0,23.3,85.3,2.3,16.7,20,3.1,0.0,0.0,4,4,0.0,0.7952380952380952,0,Small,Spring,High,15-20°C
2,4,aug,sun,94.2,122.3,589.9,12.9,15.4,66,4.0,0.0,10.13,8,6,2.4096441652874536,0.22985074626865673,0,Large,Summer,Safe,15-20°C
7,4,aug,sun,91.8,175.1,700.7,13.8,21.9,73,7.6,1.0,0.0,8,6,0.0,0.2959459459459459,0,Small,Summer,Safe,20-25°C
2,4,aug,sun,91.8,175.1,700.7,13.8,22.4,54,7.6,0.0,2.87,8,6,1.3532545070416904,0.40727272727272723,0,Small,Summer,Moderate,20-25°C
3,4,aug,sun,91.8,175.1,700.7,13.8,26.8,38,6.3,0.0,0.76,8,6,0.5653138090500605,0.6871794871794872,0,Small,Summer,High,25+°C
5,4,aug,sun,91.8,175.1,700.7,13.8,25.7,39,5.4,0.0,0.09,8,6,0.08617769624105233,0.6425,0,Small,Summer,High,25+°C
2,4,aug,wed,92.2,91.6,503.6,9.6,20.7,70,2.2,0.0,0.75,8,2,0.5596157879354227,0.2915492957746479,0,Small,Summer,Safe,20-25°C
8,6,aug,wed,93.1,157.3,666.7,13.5,28.7,28,2.7,0.0,0.0,8,2,0.0,0.9896551724137931,1,Small,Summer,High,25+°C
3,4,aug,wed,93.1,157.3,666.7,13.5,21.7,40,0.4,0.0,2.47,8,2,1.244154593958768,0.5292682926829269,0,Small,Summer,Moderate,20-25°C
8,5,aug,wed,93.1,157.3,666.7,13.5,26.8,25,3.1,0.0,0.68,8,2,0.5187937934151675,1.0307692307692309,1,Small,Summer,Dangerous,25+°C
8,5,aug,wed,93.1,157.3,666.7,13.5,24.0,36,3.1,0.0,0.24,8,2,0.2151113796169455,0.6486486486486487,0,Small,Summer,High,20-25°C
6,5,aug,wed,93.1,157.3,666.7,13.5,22.1,37,3.6,0.0,0.21,8,2,0.19062035960864973,0.5815789473684211,0,Small,Summer,Moderate,20-25°C
7,4,aug,thu,91.9,109.2,565.5,8.0,21.4,38,2.7,0.0,1.52,8,3,0.9242589015233319,0.5487179487179487,0,Small,Summer,Moderate,20-25°C
6,3,aug,thu,91.6,138.1,621.7,6.3,18.9,41,3.1,0.0,10.34,8,3,2.428336298299606,0.44999999999999996,0,Large,Summer,Moderate,15-20°C
2,5,aug,thu,87.5,77.0,694.8,5.0,22.3,46,4.0,0.0,0.0,8,3,0.0,0.474468085106383,0,Small,Summer,Moderate,20-25°C
8,6,aug,sat,94.2,117.2,581.1,11.0,23.9,41,2.2,0.0,8.02,8,5,2.199444334074532,0.569047619047619,0,Small,Summer,Moderate,20-25°C
4,3,aug,sat,94.2,117.2,581.1,11.0,21.4,44,2.7,0.0,0.68,8,5,0.5187937934151675,0.4755555555555555,0,Small,Summer,Moderate,20-25°C
3,4,aug,sat,91.8,170.9,692.3,13.7,20.6,59,0.9,0.0,0.0,8,5,0.0,0.3433333333333334,0,Small,Summer,Moderate,20-25°C
7,4,aug,sat,91.8,170.9,692.3,13.7,23.7,40,1.8,0.0,1.38,8,5,0.8671004876833833,0.5780487804878048,0,Small,Summer,Moderate,20-25°C
2,4,aug,mon,93.6,97.9,542.0,14.4,28.3,32,4.0,0.0,8.85,8,0,2.2874714551839976,0.8575757575757575,0,Small,Summer,High,25+°C
3,4,aug,fri,91.6,112.4,573.0,8.9,11.2,84,7.6,0.0,3.3,8,4,1.4586150226995167,0.13176470588235292,0,Small,Summer,Safe,10-15°C
2,4,aug,fri,91.6,112.4,573.0,8.9,21.4,42,3.1,0.0,4.25,8,4,1.6582280766035324,0.4976744186046511,0,Small,Summer,Moderate,20-25°C
6,3,aug,fri,91.1,141.1,629.1,7.1,19.3,39,3.6,0.0,1.56,8,4,0.9400072584914712,0.48250000000000004,0,Small,Summer,Moderate,15-20°C
4,4,aug,fri,94.3,167.6,684.4,13.0,21.8,53,3.1,0.0,6.54,8,4,2.020222182019865,0.40370370370370373,0,Small,Summer,Moderate,20-25°C
4,4,aug,tue,93.7,102.2,550.3,14.6,22.1,54,7.6,0.0,0.79,8,1,0.5822156198526637,0.40181818181818185,0,Small,Summer,Moderate,20-25°C
6,5,aug,tue,94.3,131.7,607.1,22.7,19.4,55,4.0,0.0,0.17,8,1,0.15700374880966478,0.3464285714285714,0,Small,Summer,Moderate,15-20°C
2,2,aug,tue,92.1,152.6,658.2,14.3,23.7,24,3.1,0.0,0.0,8,1,0.0,0.948,0,Small,Summer,High,20-25°C
3,4,aug,tue,92.1,152.6,658.2,14.3,21.0,32,3.1,0.0,0.0,8,1,0.0,0.6363636363636364,0,Small,Summer,High,20-25°C
4,4,aug,tue,92.1,152.6,658.2,14.3,19.1,53,2.7,0.0,4.4,8,1,1.6863989535702288,0.35370370370370374,0,Small,Summer,Moderate,15-20°C
2,2,aug,tue,92.1,152.6,658.2,14.3,21.8,56,3.1,0.0,0.52,8,1,0.41871033485818504,0.3824561403508772,0,Small,Summer,Moderate,20-25°C
8,6,aug,tue,92.1,152.6,658.2,14.3,20.1,58,4.5,0.0,9.27,8,1,2.329227023940467,0.34067796610169493,0,Small,Summer,Moderate,20-25°C
2,5,aug,tue,92.1,152.6,658.2,14.3,20.2,47,4.0,0.0,3.09,8,1,1.4085449700547104,0.42083333333333334,0,Small,Summer,Moderate,20-25°C
4,6,dec,sun,84.4,27.2,353.5,6.8,4.8,57,8.5,0.0,8.98,12,6,2.300583090323373,0.08275862068965517,0,Small,Winter,Safe,0-10°C
8,6,dec,wed,84.0,27.8,354.6,5.3,5.1,61,8.0,0.0,11.19,12,2,2.5006159434931803,0.08225806451612902,0,Large,Winter,Safe,0-10°C
4,6,dec,thu,84.6,26.4,352.0,2.0,5.1,61,4.9,0.0,5.38,12,3,1.8531680973566984,0.08225806451612902,0,Small,Winter,Safe,0-10°C
4,4,dec,mon,85.4,25.4,349.7,2.6,4.6,21,8.5,0.0,17.85,12,0,2.93651291389402,0.20909090909090908,0,Large,Winter,Safe,0-10°C
3,4,dec,mon,85.4,25.4,349.7,2.6,4.6,21,8.5,0.0,10.73,12,0,2.462149662665384,0.20909090909090908,0,Large,Winter,Safe,0-10°C
4,4,dec,mon,85.4,25.4,349.7,2.6,4.6,21,8.5,0.0,22.03,12,0,3.136797713832594,0.20909090909090908,0,Large,Winter,Safe,0-10°C
4,4,dec,mon,85.4,25.4,349.7,2.6,4.6,21,8.5,0.0,9.77,12,0,2.3767644911682972,0.20909090909090908,0,Small,Winter,Safe,0-10°C
4,6,dec,fri,84.7,26.7,352.6,4.1,2.2,59,4.9,0.0,9.27,12,4,2.329227023940467,0.03666666666666667,0,Small,Winter,Safe,0-10°C
6,5,dec,tue,85.4,25.4,349.7,2.6,5.1,24,8.5,0.0,24.77,12,1,3.2492110246642736,0.204,0,Large,Winter,Safe,0-10°C
6,3,feb,sun,84.9,27.5,353.5,3.4,4.2,51,4.0,0.0,0.0,2,6,0.0,0.08076923076923077,0,Small,Winter,Safe,0-10°C
3,4,feb,wed,86.9,6.6,18.7,3.2,8.8,35,3.1,0.0,1.1,2,2,0.7419373447293773,0.24444444444444446,0,Small,Winter,Safe,0-10°C
5,4,feb,fri,85.2,4.9,15.8,6.3,7.5,46,8.0,0.0,24.24,2,4,3.228430037673012,0.1595744680851064,0,Large,Winter,Safe,0-10°C
2,5,jul,sun,93.9,169.7,411.8,12.3,23.4,40,6.3,0.0,0.0,7,6,0.0,0.5707317073170731,0,Small,Summer,Moderate,20-25°C
7,6,jul,wed,91.2,183.1,437.7,12.5,12.6,90,7.6,0.2,0.0,7,2,0.0,0.13846153846153847,0,Small,Summer,Safe,10-15°C
7,4,jul,sat,91.6,104.2,474.9,9.0,22.1,49,2.7,0.0,0.0,7,5,0.0,0.442,0,Small,Summer,Moderate,20-25°C
7,4,jul,sat,91.6,104.2,474.9,9.0,24.2,32,1.8,0.0,0.0,7,5,0.0,0.7333333333333333,0,Small,Summer,High,20-25°C
7,4,jul,sat,91.6,104.2,474.9,9.0,24.3,30,1.8,0.0,0.0,7,5,0.0,0.7838709677419355,0,Small,Summer,High,20-25°C
2,5,jul,sat,91.6,104.2,474.9,9.0,18.7,53,1.8,0.0,0.0,7,5,0.0,0.34629629629629627,0,Small,Summer,Moderate,15-20°C
9,4,jul,sat,91.6,104.2,474.9,9.0,25.3,39,0.9,0.0,8.0,7,5,2.1972245773362196,0.6325000000000001,0,Small,Summer,High,25+°C
4,5,jul,fri,91.6,100.2,466.3,6.3,22.9,40,1.3,0.0,2.64,7,4,1.2919836816486494,0.5585365853658536,0,Small,Summer,Moderate,20-25°C
7,6,jul,tue,93.1,180.4,430.8,11.0,26.9,28,5.4,0.0,86.45,7,1,4.471067201464611,0.9275862068965517,1,Large,Summer,High,25+°C
8,6,jul,tue,92.3,88.8,440.9,8.5,17.1,67,3.6,0.0,6.57,7,1,2.0241930674493576,0.2514705882352941,0,Small,Summer,Safe,15-20°C
7,5,jun,sun,93.1,180.4,430.8,11.0,22.2,48,1.3,0.0,0.0,6,6,0.0,0.4530612244897959,0,Small,Summer,Moderate,20-25°C
6,4,jun,sun,90.4,89.5,290.8,6.4,14.3,46,1.8,0.0,0.9,6,6,0.6418538861723948,0.30425531914893617,0,Small,Summer,Moderate,10-15°C
8,6,jun,sun,90.4,89.5,290.8,6.4,15.4,45,2.2,0.0,0.0,6,6,0.0,0.3347826086956522,0,Small,Summer,Moderate,15-20°C
8,6,jun,wed,91.2,147.8,377.2,12.7,19.6,43,4.9,0.0,0.0,6,2,0.0,0.4454545454545455,0,Small,Summer,Moderate,15-20°C
6,5,jun,sat,53.4,71.0,233.8,0.4,10.6,90,2.7,0.0,0.0,6,5,0.0,0.11648351648351649,0,Small,Summer,Safe,10-15°C
6,5,jun,mon,90.4,93.3,298.1,7.5,20.7,25,4.9,0.0,0.0,6,0,0.0,0.7961538461538461,0,Small,Summer,High,20-25°C
6,5,jun,mon,90.4,93.3,298.1,7.5,19.1,39,5.4,0.0,3.52,6,0,1.5085119938441398,0.47750000000000004,0,Small,Summer,Moderate,15-20°C
3,6,jun,fri,91.1,94.1,232.1,7.1,19.2,38,4.5,0.0,0.0,6,4,0.0,0.4923076923076923,0,Small,Summer,Moderate,15-20°C
6,5,may,sat,85.1,28.0,113.8,3.5,11.3,94,4.9,0.0,0.0,5,5,0.0,0.11894736842105263,0,Small,Spring,Safe,10-15°C
1,4,sep,sun,89.6,84.1,714.3,5.7,19.0,52,2.2,0.0,0.0,9,6,0.0,0.3584905660377358,0,Small,Autumn,Moderate,15-20°C
7,4,sep,sun,89.6,84.1,714.3,5.7,17.1,53,5.4,0.0,0.41,9,6,0.3435897043900769,0.3166666666666667,0,Small,Autumn,Moderate,15-20°C
3,4,sep,sun,89.6,84.1,714.3,5.7,23.8,35,3.6,0.0,5.18,9,6,1.8213182714695995,0.6611111111111111,0,Small,Autumn,High,20-25°C
2,4,sep,sun,92.4,105.8,758.1,9.9,16.0,45,1.8,0.0,0.0,9,6,0.0,0.34782608695652173,0,Small,Autumn,Moderate,15-20°C
2,4,sep,sun,92.4,105.8,758.1,9.9,24.9,27,2.2,0.0,0.0,9,6,0.0,0.8892857142857142,0,Small,Autumn,High,20-25°C
7,4,sep,sun,92.4,105.8,758.1,9.9,25.3,27,2.7,0.0,0.0,9,6,0.0,0.9035714285714286,1,Small,Autumn,High,25+°C
6,3,sep,sun,92.4,105.8,758.1,9.9,24.8,28,1.8,0.0,14.29,9,6,2.727199019940971,0.8551724137931035,0,Large,Autumn,High,20-25°C
2,4,sep,sun,50.4,46.2,706.6,0.4,12.2,78,6.3,0.0,0.0,9,6,0.0,0.15443037974683543,0,Small,Autumn,Safe,10-15°C
6,5,sep,wed,92.6,115.4,777.1,8.8,24.3,27,4.9,0.0,0.0,9,2,0.0,0.8678571428571429,0,Small,Autumn,High,20-25°C
4,4,sep,wed,92.6,115.4,777.1,8.8,19.7,41,1.8,0.0,1.58,9,2,0.9477893989335261,0.46904761904761905,0,Small,Autumn,Moderate,15-20°C
3,4,sep,wed,91.2,134.7,817.5,7.2,18.5,30,2.7,0.0,0.0,9,2,0.0,0.5967741935483871,0,Small,Autumn,Moderate,15-20°C
4,5,sep,thu,92.4,96.2,739.4,8.6,18.6,24,5.8,0.0,0.0,9,3,0.0,0.7440000000000001,0,Small,Autumn,High,15-20°C
4,4,sep,thu,92.4,96.2,739.4,8.6,19.2,24,4.9,0.0,3.78,9,3,1.5644405465033644,0.768,0,Small,Autumn,High,15-20°C
6,5,sep,thu,92.8,119.0,783.5,7.5,21.6,27,2.2,0.0,0.0,9,3,0.0,0.7714285714285715,0,Small,Autumn,High,20-25°C
5,4,sep,thu,92.8,119.0,783.5,7.5,21.6,28,6.3,0.0,4.41,9,3,1.6882490928583902,0.7448275862068966,0,Small,Autumn,High,20-25°C
6,3,sep,thu,92.8,119.0,783.5,7.5,18.9,34,7.2,0.0,34.36,9,3,3.5655812377694427,0.5399999999999999,0,Large,Autumn,Moderate,15-20°C
1,4,sep,thu,92.8,119.0,783.5,7.5,16.8,28,4.0,0.0,7.21,9,3,2.105352923464337,0.5793103448275863,0,Small,Autumn,Moderate,15-20°C
6,5,sep,thu,92.8,119.0,783.5,7.5,16.8,28,4.0,0.0,1.01,9,3,0.6981347220709844,0.5793103448275863,0,Small,Autumn,Moderate,15-20°C
3,5,sep,thu,90.7,136.9,822.8,6.8,12.9,39,2.7,0.0,2.18,9,3,1.1568811967920856,0.3225,0,Small,Autumn,Moderate,10-15°C
6,5,sep,thu,88.1,53.3,726.9,5.4,13.7,56,1.8,0.0,4.42,9,3,1.6900958154515549,0.24035087719298245,0,Small,Autumn,Safe,10-15°C
1,4,sep,sat,92.2,102.3,751.5,8.4,24.2,27,3.1,0.0,0.0,9,5,0.0,0.8642857142857142,0,Small,Autumn,High,20-25°C
5,4,sep,sat,92.2,102.3,751.5,8.4,24.1,27,3.1,0.0,0.0,9,5,0.0,0.8607142857142858,0,Small,Autumn,High,20-25°C
6,5,sep,sat,92.2,102.3,751.5,8.4,21.2,32,2.2,0.0,0.0,9,5,0.0,0.6424242424242425,0,Small,Autumn,High,20-25°C
6,5,sep,sat,92.2,102.3,751.5,8.4,19.7,35,1.8,0.0,0.0,9,5,0.0,0.5472222222222222,0,Small,Autumn,Moderate,15-20°C
4,3,sep,sat,92.2,102.3,751.5,8.4,23.5,27,4.0,0.0,3.33,9,5,1.4655675420143985,0.8392857142857143,0,Small,Autumn,High,20-25°C
3,3,sep,sat,92.2,102.3,751.5,8.4,24.2,27,3.1,0.0,6.58,9,5,2.0255131996542803,0.8642857142857142,0,Small,Autumn,High,20-25°C
7,4,sep,sat,91.2,124.4,795.3,8.5,21.5,28,4.5,0.0,15.64,9,5,2.8118094353930627,0.7413793103448276,0,Large,Autumn,High,20-25°C
4,4,sep,sat,91.2,124.4,795.3,8.5,17.1,41,2.2,0.0,11.22,9,5,2.503073953743449,0.4071428571428572,0,Large,Autumn,Moderate,15-20°C
1,4,sep,mon,92.1,87.7,721.1,9.5,18.1,54,3.1,0.0,2.13,9,0,1.1410330045520618,0.3290909090909091,0,Small,Autumn,Moderate,15-20°C
2,3,sep,mon,91.6,108.4,764.0,6.2,18.0,51,5.4,0.0,0.0,9,0,0.0,0.34615384615384615,0,Small,Autumn,Moderate,15-20°C
4,3,sep,mon,91.6,108.4,764.0,6.2,9.8,86,1.8,0.0,0.0,9,0,0.0,0.11264367816091955,0,Small,Autumn,Safe,0-10°C
7,4,sep,mon,91.6,108.4,764.0,6.2,19.3,44,2.2,0.0,0.0,9,0,0.0,0.42888888888888893,0,Small,Autumn,Moderate,15-20°C
6,3,sep,mon,91.6,108.4,764.0,6.2,23.0,34,2.2,0.0,56.04,9,0,4.04375277610604,0.6571428571428571,0,Large,Autumn,High,20-25°C
8,6,sep,mon,91.6,108.4,764.0,6.2,22.7,35,2.2,0.0,7.48,9,0,2.1377104498038118,0.6305555555555555,0,Small,Autumn,High,20-25°C
2,4,sep,mon,91.6,108.4,764.0,6.2,20.4,41,1.8,0.0,1.47,9,0,0.9042181506398859,0.48571428571428565,0,Small,Autumn,Moderate,20-25°C
2,5,sep,mon,91.6,108.4,764.0,6.2,19.3,44,2.2,0.0,3.93,9,0,1.5953389880545987,0.42888888888888893,0,Small,Autumn,Moderate,15-20°C
8,6,sep,mon,91.9,111.7,770.3,6.5,15.7,51,2.2,0.0,0.0,9,0,0.0,0.3019230769230769,0,Small,Autumn,Moderate,15-20°C
6,3,sep,mon,91.5,130.1,807.1,7.5,20.6,37,1.8,0.0,0.0,9,0,0.0,0.5421052631578948,0,Small,Autumn,Moderate,20-25°C
8,6,sep,mon,91.5,130.1,807.1,7.5,15.9,51,4.5,0.0,2.18,9,0,1.1568811967920856,0.3057692307692308,0,Small,Autumn,Moderate,15-20°C
6,3,sep,mon,91.5,130.1,807.1,7.5,12.2,66,4.9,0.0,6.1,9,0,1.9600947840472698,0.18208955223880596,0,Small,Autumn,Safe,10-15°C
2,2,sep,mon,91.5,130.1,807.1,7.5,16.8,43,3.1,0.0,5.83,9,0,1.9213246735826988,0.38181818181818183,0,Small,Autumn,Moderate,15-20°C
1,4,sep,mon,91.5,130.1,807.1,7.5,21.3,35,2.2,0.0,28.19,9,0,3.3738261848660236,0.5916666666666667,0,Large,Autumn,Moderate,20-25°C
5,4,sep,fri,92.1,99.0,745.3,9.6,10.1,75,3.6,0.0,0.0,9,4,0.0,0.13289473684210526,0,Small,Autumn,Safe,10-15°C
3,4,sep,fri,92.1,99.0,745.3,9.6,17.4,57,4.5,0.0,0.0,9,4,0.0,0.3,0,Small,Autumn,Safe,15-20°C
5,4,sep,fri,92.1,99.0,745.3,9.6,12.8,64,3.6,0.0,1.64,9,4,0.9707789171582248,0.19692307692307692,0,Small,Autumn,Safe,10-15°C
5,4,sep,fri,92.1,99.0,745.3,9.6,10.1,75,3.6,0.0,3.71,9,4,1.5496879080283263,0.13289473684210526,0,Small,Autumn,Safe,10-15°C
4,4,sep,fri,92.1,99.0,745.3,9.6,15.4,53,6.3,0.0,7.31,9,4,2.1174596088673567,0.2851851851851852,0,Small,Autumn,Safe,15-20°C
7,4,sep,fri,92.1,99.0,745.3,9.6,20.6,43,3.6,0.0,2.03,9,4,1.1085626195212777,0.4681818181818182,0,Small,Autumn,Moderate,20-25°C
7,4,sep,fri,92.1,99.0,745.3,9.6,19.8,47,2.7,0.0,1.72,9,4,1.000631880307906,0.41250000000000003,0,Small,Autumn,Moderate,15-20°C
7,4,sep,fri,92.1,99.0,745.3,9.6,18.7,50,2.2,0.0,5.97,9,4,1.9416152247724325,0.36666666666666664,0,Small,Autumn,Moderate,15-20°C
4,4,sep,fri,92.1,99.0,745.3,9.6,20.8,35,4.9,0.0,13.06,9,4,2.643333886382519,0.5777777777777778,0,Large,Autumn,Moderate,20-25°C
4,4,sep,fri,92.1,99.0,745.3,9.6,20.8,35,4.9,0.0,1.26,9,4,0.8153648132841945,0.5777777777777778,0,Small,Autumn,Moderate,20-25°C
6,3,sep,fri,92.5,122.0,789.7,10.2,15.9,55,3.6,0.0,0.0,9,4,0.0,0.2839285714285714,0,Small,Autumn,Safe,15-20°C
6,3,sep,fri,92.5,122.0,789.7,10.2,19.7,39,2.7,0.0,0.0,9,4,0.0,0.4925,0,Small,Autumn,Moderate,15-20°C
1,4,sep,fri,92.5,122.0,789.7,10.2,21.1,39,2.2,0.0,8.12,9,4,2.21046980408624,0.5275000000000001,0,Small,Autumn,Moderate,20-25°C
6,5,sep,fri,92.5,122.0,789.7,10.2,18.4,42,2.2,0.0,1.09,9,4,0.7371640659767197,0.42790697674418604,0,Small,Autumn,Moderate,15-20°C
4,3,sep,fri,92.5,122.0,789.7,10.2,17.3,45,4.0,0.0,3.94,9,4,1.597365331199831,0.3760869565217391,0,Small,Autumn,Moderate,15-20°C
7,4,sep,fri,88.2,55.2,732.3,11.6,15.2,64,3.1,0.0,0.52,9,4,0.41871033485818504,0.23384615384615384,0,Small,Autumn,Safe,15-20°C
4,3,sep,tue,91.9,111.7,770.3,6.5,15.9,53,2.2,0.0,2.93,9,1,1.3686394258811698,0.29444444444444445,0,Small,Autumn,Safe,15-20°C
6,5,sep,tue,91.9,111.7,770.3,6.5,21.1,35,2.7,0.0,5.65,9,1,1.8946168546677629,0.5861111111111111,0,Small,Autumn,Moderate,20-25°C
6,5,sep,tue,91.9,111.7,770.3,6.5,19.6,45,3.1,0.0,20.03,9,1,3.0459499897146083,0.42608695652173917,0,Large,Autumn,Moderate,15-20°C
4,5,sep,tue,91.1,132.3,812.1,12.5,15.9,38,5.4,0.0,1.75,9,1,1.0116009116784799,0.4076923076923077,0,Small,Autumn,Moderate,15-20°C
4,5,sep,tue,91.1,132.3,812.1,12.5,16.4,27,3.6,0.0,0.0,9,1,0.0,0.5857142857142856,0,Small,Autumn,Moderate,15-20°C
6,5,sep,sat,91.2,94.3,744.4,8.4,16.8,47,4.9,0.0,12.64,9,5,2.613006652415316,0.35000000000000003,0,Large,Autumn,Moderate,15-20°C
4,5,sep,sun,91.0,276.3,825.1,7.1,13.8,77,7.6,0.0,0.0,9,6,0.0,0.17692307692307693,0,Small,Autumn,Safe,10-15°C
7,4,sep,sun,91.0,276.3,825.1,7.1,13.8,77,7.6,0.0,11.06,9,6,2.4898941912990393,0.17692307692307693,0,Large,Autumn,Safe,10-15°C
3,4,jul,wed,91.9,133.6,520.5,8.0,14.2,58,4.0,0.0,0.0,7,2,0.0,0.2406779661016949,0,Small,Summer,Safe,10-15°C
4,5,aug,sun,92.0,203.2,664.5,8.1,10.4,75,0.9,0.0,0.0,8,6,0.0,0.1368421052631579,0,Small,Summer,Safe,10-15°C
5,4,aug,thu,94.8,222.4,698.6,13.9,20.3,42,2.7,0.0,0.0,8,3,0.0,0.472093023255814,0,Small,Summer,Moderate,20-25°C
6,5,sep,fri,90.3,290.0,855.3,7.4,10.3,78,4.0,0.0,18.3,9,4,2.9601050959108397,0.13037974683544304,0,Large,Autumn,Safe,10-15°C
6,5,sep,sat,91.2,94.3,744.4,8.4,15.4,57,4.9,0.0,39.35,9,5,3.6975913947159578,0.2655172413793104,0,Large,Autumn,Safe,15-20°C
8,6,aug,mon,92.1,207.0,672.6,8.2,21.1,54,2.2,0.0,0.0,8,0,0.0,0.38363636363636366,0,Small,Summer,Moderate,20-25°C
2,2,aug,sat,93.7,231.1,715.1,8.4,21.9,42,2.2,0.0,174.63,8,5,5.168379509433644,0.5093023255813953,0,Large,Summer,Moderate,20-25°C
6,5,mar,thu,90.9,18.9,30.6,8.0,8.7,51,5.8,0.0,0.0,3,3,0.0,0.1673076923076923,0,Small,Spring,Safe,0-10°C
4,5,jan,sun,18.7,1.1,171.4,0.0,5.2,100,0.9,0.0,0.0,1,6,0.0,0.05148514851485149,0,Small,Winter,Safe,0-10°C
5,4,jul,wed,93.7,101.3,458.8,11.9,19.3,39,7.2,0.0,7.73,7,2,2.166765369851511,0.48250000000000004,0,Small,Summer,Moderate,15-20°C
8,6,aug,thu,90.7,194.1,643.0,6.8,16.2,63,2.7,0.0,16.33,8,3,2.8524391037275145,0.253125,0,Large,Summer,Safe,15-20°C
8,6,aug,wed,95.2,217.7,690.0,18.0,28.2,29,1.8,0.0,5.86,8,2,1.925707441737794,0.94,1,Small,Summer,High,25+°C
9,6,aug,thu,91.6,248.4,753.8,6.3,20.5,58,2.7,0.0,42.87,8,3,3.7812307151781224,0.3474576271186441,0,Large,Summer,Moderate,20-25°C
8,4,aug,sat,91.6,273.8,819.1,7.7,21.3,44,4.5,0.0,12.18,8,5,2.578700529074361,0.47333333333333333,0,Large,Summer,Moderate,20-25°C
2,4,aug,sun,91.6,181.3,613.0,7.6,20.9,50,2.2,0.0,16.0,8,6,2.833213344056216,0.40980392156862744,0,Large,Summer,Moderate,20-25°C
3,4,sep,sun,90.5,96.7,750.5,11.4,20.6,55,5.4,0.0,24.59,9,6,3.2422016501716975,0.3678571428571429,0,Large,Autumn,Moderate,20-25°C
5,5,mar,thu,90.9,18.9,30.6,8.0,11.6,48,5.4,0.0,0.0,3,3,0.0,0.236734693877551,0,Small,Spring,Safe,10-15°C
6,4,aug,fri,94.8,227.0,706.7,12.0,23.3,34,3.1,0.0,28.74,8,4,3.392492941032009,0.6657142857142857,0,Large,Summer,High,20-25°C
7,4,aug,fri,94.8,227.0,706.7,12.0,23.3,34,3.1,0.0,0.0,8,4,0.0,0.6657142857142857,0,Small,Summer,High,20-25°C
7,4,feb,mon,84.7,9.5,58.3,4.1,7.5,71,6.3,0.0,9.96,2,0,2.3942522815198695,0.10416666666666667,0,Small,Winter,Safe,0-10°C
8,6,sep,fri,91.1,91.3,738.1,7.2,20.7,46,2.7,0.0,30.18,9,4,3.4397768636296306,0.4404255319148936,0,Large,Autumn,Moderate,20-25°C
1,3,sep,sun,91.0,276.3,825.1,7.1,21.9,43,4.0,0.0,70.76,9,6,4.27332721775054,0.4977272727272727,0,Large,Autumn,Moderate,20-25°C
2,4,mar,tue,93.4,15.0,25.6,11.4,15.2,19,7.6,0.0,0.0,3,1,0.0,0.76,0,Small,Spring,High,15-20°C
6,5,feb,mon,84.1,4.6,46.7,2.2,5.3,68,1.8,0.0,0.0,2,0,0.0,0.07681159420289854,0,Small,Winter,Safe,0-10°C
4,5,feb,sun,85.0,9.0,56.9,3.5,10.1,62,1.8,0.0,51.78,2,6,3.966132331075178,0.1603174603174603,0,Large,Winter,Safe,10-15°C
4,3,sep,sun,90.5,96.7,750.5,11.4,20.4,55,4.9,0.0,3.64,9,6,1.534714366238164,0.36428571428571427,0,Small,Autumn,Moderate,20-25°C
5,6,aug,sun,91.6,181.3,613.0,7.6,24.3,33,3.6,0.0,3.63,8,6,1.5325568680981427,0.7147058823529412,0,Small,Summer,High,20-25°C
1,2,aug,sat,93.7,231.1,715.1,8.4,25.9,32,3.1,0.0,0.0,8,5,0.0,0.7848484848484848,0,Small,Summer,High,25+°C
9,5,jun,wed,93.3,49.5,297.7,14.0,28.0,34,4.5,0.0,0.0,6,2,0.0,0.8,0,Small,Summer,High,25+°C
9,5,jun,wed,93.3,49.5,297.7,14.0,28.0,34,4.5,0.0,8.16,6,2,2.214846178686039,0.8,0,Small,Summer,High,25+°C
3,4,sep,thu,91.1,88.2,731.7,8.3,22.8,46,4.0,0.0,4.95,9,3,1.7833912195575383,0.48510638297872344,0,Small,Autumn,Moderate,20-25°C
9,9,aug,fri,94.8,227.0,706.7,12.0,25.0,36,4.0,0.0,0.0,8,4,0.0,0.6756756756756757,0,Small,Summer,High,20-25°C
8,6,aug,thu,90.7,194.1,643.0,6.8,21.3,41,3.6,0.0,0.0,8,3,0.0,0.5071428571428571,0,Small,Summer,Moderate,20-25°C
2,4,sep,wed,87.9,84.8,725.1,3.7,21.8,34,2.2,0.0,6.04,9,2,1.951608170169951,0.6228571428571429,0,Small,Autumn,High,20-25°C
2,2,aug,tue,94.6,212.1,680.9,9.5,27.9,27,2.2,0.0,0.0,8,1,0.0,0.9964285714285713,1,Small,Summer,High,25+°C
6,5,sep,sat,87.1,291.3,860.6,4.0,17.0,67,4.9,0.0,3.95,9,5,1.599387576580599,0.25,0,Small,Autumn,Safe,15-20°C
4,5,feb,sat,84.7,8.2,55.0,2.9,14.2,46,4.0,0.0,0.0,2,5,0.0,0.3021276595744681,0,Small,Winter,Moderate,10-15°C
4,3,sep,fri,90.3,290.0,855.3,7.4,19.9,44,3.1,0.0,7.8,9,4,2.174751721484161,0.4422222222222222,0,Small,Autumn,Moderate,15-20°C
1,4,jul,tue,92.3,96.2,450.2,12.1,23.4,31,5.4,0.0,0.0,7,1,0.0,0.73125,0,Small,Summer,High,20-25°C
6,3,feb,fri,84.1,7.3,52.8,2.7,14.7,42,2.7,0.0,0.0,2,4,0.0,0.34186046511627904,0,Small,Winter,Moderate,10-15°C
7,4,feb,fri,84.6,3.2,43.6,3.3,8.2,53,9.4,0.0,4.62,2,4,1.7263316639055997,0.15185185185185185,0,Small,Winter,Safe,0-10°C
9,4,jul,mon,92.3,92.1,442.1,9.8,22.8,27,4.5,0.0,1.63,7,0,0.9669838461896731,0.8142857142857143,0,Small,Summer,High,20-25°C
7,5,aug,sat,93.7,231.1,715.1,8.4,26.4,33,3.6,0.0,0.0,8,5,0.0,0.776470588235294,0,Small,Summer,High,25+°C
5,4,aug,sun,93.6,235.1,723.1,10.1,24.1,50,4.0,0.0,0.0,8,6,0.0,0.4725490196078432,0,Small,Summer,Moderate,20-25°C
8,6,aug,thu,94.8,222.4,698.6,13.9,27.5,27,4.9,0.0,746.28,8,3,6.616439947564594,0.9821428571428571,1,Large,Summer,High,25+°C
6,3,jul,tue,92.7,164.1,575.8,8.9,26.3,39,3.1,0.0,7.02,7,1,2.081938421878423,0.6575,0,Small,Summer,High,25+°C
6,5,mar,wed,93.4,17.3,28.3,9.9,13.8,24,5.8,0.0,0.0,3,2,0.0,0.552,0,Small,Spring,Moderate,10-15°C
2,4,aug,sun,92.0,203.2,664.5,8.1,24.9,42,5.4,0.0,2.44,8,6,1.235471471385307,0.5790697674418605,0,Small,Summer,Moderate,20-25°C
2,5,aug,sun,91.6,181.3,613.0,7.6,24.8,36,4.0,0.0,3.05,8,6,1.3987168811184478,0.6702702702702703,0,Small,Summer,High,20-25°C
8,8,aug,wed,91.7,191.4,635.9,7.8,26.2,36,4.5,0.0,185.76,8,2,5.229824370102736,0.7081081081081081,0,Large,Summer,High,25+°C
2,4,aug,wed,95.2,217.7,690.0,18.0,30.8,19,4.5,0.0,0.0,8,2,0.0,1.54,1,Small,Summer,Dangerous,25+°C
8,6,jul,sun,88.9,263.1,795.9,5.2,29.3,27,3.6,0.0,6.3,7,6,1.9878743481543455,1.0464285714285715,1,Small,Summer,Dangerous,25+°C
1,3,sep,sat,91.2,94.3,744.4,8.4,22.3,48,4.0,0.0,0.72,9,5,0.5423242908253617,0.45510204081632655,0,Small,Autumn,Moderate,20-25°C
8,6,aug,sat,93.7,231.1,715.1,8.4,26.9,31,3.6,0.0,4.96,8,5,1.7850704810772584,0.840625,0,Small,Summer,High,25+°C
2,2,aug,thu,91.6,248.4,753.8,6.3,20.4,56,2.2,0.0,0.0,8,3,0.0,0.35789473684210527,0,Small,Summer,Moderate,20-25°C
8,6,aug,thu,91.6,248.4,753.8,6.3,20.4,56,2.2,0.0,0.0,8,3,0.0,0.35789473684210527,0,Small,Summer,Moderate,20-25°C
2,4,aug,mon,92.1,207.0,672.6,8.2,27.9,33,2.2,0.0,2.35,8,0,1.208960345836975,0.8205882352941176,0,Small,Summer,High,25+°C
1,3,aug,thu,94.8,222.4,698.6,13.9,26.2,34,5.8,0.0,0.0,8,3,0.0,0.7485714285714286,0,Small,Summer,High,25+°C
3,4,aug,sun,91.6,181.3,613.0,7.6,24.6,44,4.0,0.0,3.2,8,6,1.4350845252893227,0.5466666666666667,0,Small,Summer,Moderate,20-25°C
7,4,sep,thu,89.7,287.2,849.3,6.8,19.4,45,3.6,0.0,0.0,9,3,0.0,0.42173913043478256,0,Small,Autumn,Moderate,15-20°C
1,3,aug,sat,92.1,178.0,605.3,9.6,23.3,40,4.0,0.0,6.36,8,5,1.9960599327407849,0.5682926829268293,0,Small,Summer,Moderate,20-25°C
8,6,aug,thu,94.8,222.4,698.6,13.9,23.9,38,6.7,0.0,0.0,8,3,0.0,0.6128205128205128,0,Small,Summer,High,20-25°C
2,4,aug,sun,93.6,235.1,723.1,10.1,20.9,66,4.9,0.0,15.34,8,6,2.7936160894318567,0.3119402985074627,0,Large,Summer,Moderate,20-25°C
1,4,aug,fri,90.6,269.8,811.2,5.5,22.2,45,3.6,0.0,0.0,8,4,0.0,0.4826086956521739,0,Small,Summer,Moderate,20-25°C
2,5,jul,sat,90.8,84.7,376.6,5.6,23.8,51,1.8,0.0,0.0,7,5,0.0,0.45769230769230773,0,Small,Summer,Moderate,20-25°C
8,6,aug,mon,92.1,207.0,672.6,8.2,26.8,35,1.3,0.0,0.54,8,0,0.43178241642553783,0.7444444444444445,0,Small,Summer,High,25+°C
8,6,aug,sat,89.4,253.6,768.4,9.7,14.2,73,2.7,0.0,0.0,8,5,0.0,0.19189189189189187,0,Small,Summer,Safe,10-15°C
2,5,aug,sat,93.7,231.1,715.1,8.4,23.6,53,4.0,0.0,6.43,8,5,2.005525858729668,0.43703703703703706,0,Small,Summer,Moderate,20-25°C
1,3,sep,fri,91.1,91.3,738.1,7.2,19.1,46,2.2,0.0,0.33,9,4,0.2851789422336624,0.4063829787234043,0,Small,Autumn,Moderate,15-20°C
5,4,sep,fri,90.3,290.0,855.3,7.4,16.2,58,3.6,0.0,0.0,9,4,0.0,0.2745762711864407,0,Small,Autumn,Safe,15-20°C
8,6,aug,mon,92.1,207.0,672.6,8.2,25.5,29,1.8,0.0,1.23,8,0,0.8020015854720274,0.85,1,Small,Summer,High,25+°C
6,5,apr,mon,87.9,24.9,41.6,3.7,10.9,64,3.1,0.0,3.35,4,0,1.4701758451005926,0.1676923076923077,0,Small,Spring,Safe,10-15°C
1,2,jul,fri,90.7,80.9,368.3,16.8,14.8,78,8.0,0.0,0.0,7,4,0.0,0.18734177215189873,0,Small,Summer,Safe,10-15°C
2,5,sep,fri,90.3,290.0,855.3,7.4,16.2,58,3.6,0.0,9.96,9,4,2.3942522815198695,0.2745762711864407,0,Small,Autumn,Safe,15-20°C
5,5,aug,sun,94.0,47.9,100.7,10.7,17.3,80,4.5,0.0,0.0,8,6,0.0,0.21358024691358027,0,Small,Summer,Safe,15-20°C
6,5,aug,sun,92.0,203.2,664.5,8.1,19.1,70,2.2,0.0,0.0,8,6,0.0,0.2690140845070423,0,Small,Summer,Safe,15-20°C
3,4,mar,wed,93.4,17.3,28.3,9.9,8.9,35,8.0,0.0,0.0,3,2,0.0,0.24722222222222223,0,Small,Spring,Safe,0-10°C
7,4,sep,wed,89.7,284.9,844.0,10.1,10.5,77,4.0,0.0,0.0,9,2,0.0,0.1346153846153846,0,Small,Autumn,Safe,10-15°C
7,4,aug,sun,91.6,181.3,613.0,7.6,19.3,61,4.9,0.0,0.0,8,6,0.0,0.31129032258064515,0,Small,Summer,Moderate,15-20°C
4,5,aug,wed,95.2,217.7,690.0,18.0,23.4,49,5.4,0.0,6.43,8,2,2.005525858729668,0.46799999999999997,0,Small,Summer,Moderate,20-25°C
1,4,aug,fri,90.5,196.8,649.9,16.3,11.8,88,4.9,0.0,9.71,8,4,2.3711778844596574,0.13258426966292136,0,Small,Summer,Safe,10-15°C
7,4,aug,mon,91.5,238.2,730.6,7.5,17.7,65,4.0,0.0,0.0,8,0,0.0,0.2681818181818182,0,Small,Summer,Safe,15-20°C
4,5,aug,thu,89.4,266.2,803.3,5.6,17.4,54,3.1,0.0,0.0,8,3,0.0,0.31636363636363635,0,Small,Summer,Moderate,15-20°C
3,4,aug,thu,91.6,248.4,753.8,6.3,16.8,56,3.1,0.0,0.0,8,3,0.0,0.2947368421052632,0,Small,Summer,Safe,15-20°C
3,4,jul,mon,94.6,160.0,567.2,16.7,17.9,48,2.7,0.0,0.0,7,0,0.0,0.3653061224489796,0,Small,Summer,Moderate,15-20°C
2,4,aug,thu,91.6,248.4,753.8,6.3,16.6,59,2.7,0.0,0.0,8,3,0.0,0.27666666666666667,0,Small,Summer,Safe,15-20°C
1,4,aug,wed,91.7,191.4,635.9,7.8,19.9,50,4.0,0.0,82.75,8,2,4.427836170705175,0.3901960784313725,0,Large,Summer,Moderate,15-20°C
8,6,aug,sat,93.7,231.1,715.1,8.4,18.9,64,4.9,0.0,3.32,8,5,1.463255402256019,0.2907692307692307,0,Small,Summer,Safe,15-20°C
7,4,aug,sat,91.6,273.8,819.1,7.7,15.5,72,8.0,0.0,1.94,8,5,1.0784095813505903,0.21232876712328766,0,Small,Summer,Safe,15-20°C
2,5,aug,sat,93.7,231.1,715.1,8.4,18.9,64,4.9,0.0,0.0,8,5,0.0,0.2907692307692307,0,Small,Summer,Safe,15-20°C
8,6,aug,sat,93.7,231.1,715.1,8.4,18.9,64,4.9,0.0,0.0,8,5,0.0,0.2907692307692307,0,Small,Summer,Safe,15-20°C
1,4,sep,sun,91.0,276.3,825.1,7.1,14.5,76,7.6,0.0,3.71,9,6,1.5496879080283263,0.18831168831168832,0,Small,Autumn,Safe,10-15°C
6,5,feb,tue,75.1,4.4,16.2,1.9,4.6,82,6.3,0.0,5.39,2,1,1.8547342683894434,0.05542168674698795,0,Small,Winter,Safe,0-10°C
6,4,feb,tue,75.1,4.4,16.2,1.9,5.1,77,5.4,0.0,2.14,2,1,1.144222799920162,0.06538461538461537,0,Small,Winter,Safe,0-10°C
2,2,feb,sat,79.5,3.6,15.3,1.8,4.6,59,0.9,0.0,6.84,2,5,2.0592388343623163,0.07666666666666666,0,Small,Winter,Safe,0-10°C
6,5,mar,mon,87.2,15.1,36.9,7.1,10.2,45,5.8,0.0,3.18,3,0,1.430311246536665,0.2217391304347826,0,Small,Spring,Safe,10-15°C
3,4,mar,wed,90.2,18.5,41.1,7.3,11.2,41,5.4,0.0,5.55,3,2,1.8794650496471605,0.26666666666666666,0,Small,Spring,Safe,10-15°C
6,5,mar,thu,91.3,20.6,43.5,8.5,13.3,27,3.6,0.0,6.61,3,3,2.0294631718735947,0.47500000000000003,0,Small,Spring,Moderate,10-15°C
6,3,apr,sun,91.0,14.6,25.6,12.3,13.7,33,9.4,0.0,61.13,4,6,4.129228964075603,0.4029411764705882,0,Large,Spring,Moderate,10-15°C
5,4,apr,sun,91.0,14.6,25.6,12.3,17.6,27,5.8,0.0,0.0,4,6,0.0,0.6285714285714287,0,Small,Spring,High,15-20°C
4,3,may,fri,89.6,25.4,73.7,5.7,18.0,40,4.0,0.0,38.48,5,4,3.675794214565281,0.43902439024390244,0,Large,Spring,Moderate,15-20°C
8,3,jun,mon,88.2,96.2,229.0,4.7,14.3,79,4.0,0.0,1.94,6,0,1.0784095813505903,0.17875000000000002,0,Small,Summer,Safe,10-15°C
9,4,jun,sat,90.5,61.1,252.6,9.4,24.5,50,3.1,0.0,70.32,6,5,4.267176792994939,0.4803921568627451,0,Large,Summer,Moderate,20-25°C
4,3,jun,thu,93.0,103.8,316.7,10.8,26.4,35,2.7,0.0,10.08,6,3,2.405141681319138,0.7333333333333333,0,Large,Summer,High,25+°C
2,5,jun,thu,93.7,121.7,350.2,18.0,22.7,40,9.4,0.0,3.19,6,3,1.4327007339340463,0.5536585365853658,0,Small,Summer,Moderate,20-25°C
4,3,jul,thu,93.5,85.3,395.0,9.9,27.2,28,1.3,0.0,1.76,7,3,1.0152306797290584,0.9379310344827586,1,Small,Summer,High,25+°C
4,3,jul,sun,93.7,101.3,423.4,14.7,26.1,45,4.0,0.0,7.36,7,6,2.1234584270966104,0.5673913043478261,0,Small,Summer,Moderate,25+°C
7,4,jul,sun,93.7,101.3,423.4,14.7,18.2,82,4.5,0.0,2.21,7,6,1.1662709371419244,0.21927710843373494,0,Small,Summer,Safe,15-20°C
7,4,jul,mon,89.2,103.9,431.6,6.4,22.6,57,4.9,0.0,278.53,7,0,5.633109621361155,0.3896551724137931,0,Large,Summer,Moderate,20-25°C
9,9,jul,thu,93.2,114.4,560.0,9.5,30.2,25,4.5,0.0,2.75,7,3,1.3217558399823195,1.1615384615384614,1,Small,Summer,Dangerous,25+°C
4,3,jul,thu,93.2,114.4,560.0,9.5,30.2,22,4.9,0.0,0.0,7,3,0.0,1.3130434782608695,1,Small,Summer,Dangerous,25+°C
3,4,aug,sun,94.9,130.3,587.1,14.1,23.4,40,5.8,0.0,1.29,8,6,0.8285518175661483,0.5707317073170731,0,Small,Summer,Moderate,20-25°C
8,6,aug,sun,94.9,130.3,587.1,14.1,31.0,27,5.4,0.0,0.0,8,6,0.0,1.1071428571428572,1,Small,Summer,Dangerous,25+°C
2,5,aug,sun,94.9,130.3,587.1,14.1,33.1,25,4.0,0.0,26.43,8,6,3.311637304949512,1.2730769230769232,1,Large,Summer,Dangerous,25+°C
2,4,aug,mon,95.0,135.5,596.3,21.3,30.6,28,3.6,0.0,2.07,8,0,1.1216775615991057,1.0551724137931036,1,Small,Summer,Dangerous,25+°C
5,4,aug,tue,95.1,141.3,605.8,17.7,24.1,43,6.3,0.0,2.0,8,1,1.0986122886681098,0.5477272727272727,0,Small,Summer,Moderate,20-25°C
5,4,aug,tue,95.1,141.3,605.8,17.7,26.4,34,3.6,0.0,16.4,8,1,2.856470206220483,0.7542857142857142,0,Large,Summer,High,25+°C
4,4,aug,tue,95.1,141.3,605.8,17.7,19.4,71,7.6,0.0,46.7,8,1,3.8649313978942956,0.26944444444444443,0,Large,Summer,Safe,15-20°C
4,4,aug,wed,95.1,141.3,605.8,17.7,20.6,58,1.3,0.0,0.0,8,2,0.0,0.3491525423728814,0,Small,Summer,Moderate,20-25°C
4,4,aug,wed,95.1,141.3,605.8,17.7,28.7,33,4.0,0.0,0.0,8,2,0.0,0.8441176470588235,0,Small,Summer,High,25+°C
4,4,aug,thu,95.8,152.0,624.1,13.8,32.4,21,4.5,0.0,0.0,8,3,0.0,1.4727272727272727,1,Small,Summer,Dangerous,25+°C
1,3,aug,fri,95.9,158.0,633.6,11.3,32.4,27,2.2,0.0,0.0,8,4,0.0,1.157142857142857,1,Small,Summer,Dangerous,25+°C
1,3,aug,fri,95.9,158.0,633.6,11.3,27.5,29,4.5,0.0,43.32,8,4,3.7914360424390283,0.9166666666666666,1,Large,Summer,High,25+°C
6,6,aug,sat,96.0,164.0,643.0,14.0,30.8,30,4.9,0.0,8.59,8,5,2.2607208888953467,0.9935483870967742,0,Small,Summer,High,25+°C
6,6,aug,mon,96.2,175.5,661.8,16.8,23.9,42,2.2,0.0,0.0,8,0,0.0,0.555813953488372,0,Small,Summer,Moderate,20-25°C
4,5,aug,mon,96.2,175.5,661.8,16.8,32.6,26,3.1,0.0,2.77,8,0,1.3270750014599193,1.2074074074074075,1,Small,Summer,Dangerous,25+°C
3,4,aug,tue,96.1,181.1,671.2,14.3,32.3,27,2.2,0.0,14.68,8,1,2.7523860149222616,1.1535714285714285,1,Large,Summer,Dangerous,25+°C
6,5,aug,tue,96.1,181.1,671.2,14.3,33.3,26,2.7,0.0,40.54,8,1,3.726656818447966,1.2333333333333332,1,Large,Summer,Dangerous,25+°C
7,5,aug,tue,96.1,181.1,671.2,14.3,27.3,63,4.9,6.4,10.82,8,1,2.469793011977952,0.4265625,0,Large,Summer,Moderate,25+°C
8,6,aug,tue,96.1,181.1,671.2,14.3,21.6,65,4.9,0.8,0.0,8,1,0.0,0.32727272727272727,0,Small,Summer,Moderate,20-25°C
7,5,aug,tue,96.1,181.1,671.2,14.3,21.6,65,4.9,0.8,0.0,8,1,0.0,0.32727272727272727,0,Small,Summer,Moderate,20-25°C
4,4,aug,tue,96.1,181.1,671.2,14.3,20.7,69,4.9,0.4,0.0,8,1,0.0,0.2957142857142857,0,Small,Summer,Safe,20-25°C
2,4,aug,wed,94.5,139.4,689.1,20.0,29.2,30,4.9,0.0,1.95,8,2,1.0818051703517284,0.9419354838709677,0,Small,Summer,High,25+°C
4,3,aug,wed,94.5,139.4,689.1,20.0,28.9,29,4.9,0.0,49.59,8,2,3.923753928303845,0.9633333333333333,1,Large,Summer,High,25+°C
1,2,aug,thu,91.0,163.2,744.4,10.1,26.7,35,1.8,0.0,5.8,8,3,1.916922612182061,0.7416666666666667,0,Small,Summer,High,25+°C
1,2,aug,fri,91.0,166.9,752.6,7.1,18.5,73,8.5,0.0,0.0,8,4,0.0,0.25,0,Small,Summer,Safe,15-20°C
2,4,aug,fri,91.0,166.9,752.6,7.1,25.9,41,3.6,0.0,0.0,8,4,0.0,0.6166666666666666,0,Small,Summer,High,25+°C
1,2,aug,fri,91.0,166.9,752.6,7.1,25.9,41,3.6,0.0,0.0,8,4,0.0,0.6166666666666666,0,Small,Summer,High,25+°C
5,4,aug,fri,91.0,166.9,752.6,7.1,21.1,71,7.6,1.4,2.17,8,4,1.1537315878891892,0.29305555555555557,0,Small,Summer,Safe,20-25°C
6,5,aug,fri,91.0,166.9,752.6,7.1,18.2,62,5.4,0.0,0.43,8,4,0.35767444427181594,0.28888888888888886,0,Small,Summer,Safe,15-20°C
8,6,aug,sun,81.6,56.7,665.6,1.9,27.8,35,2.7,0.0,0.0,8,6,0.0,0.7722222222222223,0,Small,Summer,High,25+°C
4,3,aug,sun,81.6,56.7,665.6,1.9,27.8,32,2.7,0.0,6.44,8,6,2.0068708488450007,0.8424242424242424,0,Small,Summer,High,25+°C
2,4,aug,sun,81.6,56.7,665.6,1.9,21.9,71,5.8,0.0,54.29,8,6,4.012592060349841,0.30416666666666664,0,Large,Summer,Moderate,20-25°C
7,4,aug,sun,81.6,56.7,665.6,1.9,21.2,70,6.7,0.0,11.16,8,6,2.498151876538021,0.29859154929577464,0,Large,Summer,Safe,20-25°C
1,4,aug,sat,94.4,146.0,614.7,11.3,25.6,42,4.0,0.0,0.0,8,5,0.0,0.5953488372093023,0,Small,Summer,Moderate,25+°C
6,3,nov,tue,79.5,3.0,106.7,1.1,11.8,31,4.5,0.0,0.0,11,1,0.0,0.36875,0,Small,Autumn,Moderate,10-15°C
